{"cameraMode":{"drawMode":0,"name":"Shaded","section":"Shading Mode"},"sceneLighting":true,"audioPlay":false,"sceneViewState":{"showFog":true,"showMaterialUpdate":false,"showSkybox":true,"showFlares":true,"showImageEffects":true,"showParticleSystems":true},"in2DMode":false,"pivot":{"x":5.409006118774414,"y":5.997230529785156,"z":51.0396728515625},"rotation":{"x":-0.5313461422920227,"y":-0.0223685335367918,"z":0.014029736630618573,"w":-0.8467617034912109},"size":35.36833190917969,"orthographic":false}