{"cameraMode":{"drawMode":0,"name":"Shaded","section":"Shading Mode"},"sceneLighting":false,"audioPlay":false,"sceneViewState":{"showFog":true,"showMaterialUpdate":false,"showSkybox":false,"showFlares":true,"showImageEffects":true,"showParticleSystems":true},"in2DMode":false,"pivot":{"x":-0.5203845500946045,"y":-0.40996378660202029,"z":-7.420132637023926},"rotation":{"x":0.2880750596523285,"y":-0.5998915433883667,"z":0.2451162189245224,"w":0.7050308585166931},"size":1.0929787158966065,"orthographic":false}