{"cameraMode":{"drawMode":0,"name":"Shaded","section":"Shading Mode"},"sceneLighting":false,"audioPlay":false,"sceneViewState":{"showFog":true,"showMaterialUpdate":false,"showSkybox":false,"showFlares":true,"showImageEffects":true,"showParticleSystems":true},"in2DMode":false,"pivot":{"x":-0.6005200147628784,"y":-0.3622870445251465,"z":-6.08830451965332},"rotation":{"x":0.20231062173843385,"y":-0.19391296803951264,"z":0.04090416803956032,"w":0.9590625166893005},"size":3.49297833442688,"orthographic":false}