{"cameraMode":{"drawMode":0,"name":"Shaded","section":"Shading Mode"},"sceneLighting":true,"audioPlay":false,"sceneViewState":{"showFog":true,"showMaterialUpdate":false,"showSkybox":true,"showFlares":true,"showImageEffects":true,"showParticleSystems":true},"in2DMode":false,"pivot":{"x":-9.510000228881836,"y":0.6700000762939453,"z":-5.150000095367432},"rotation":{"x":-0.2727057635784149,"y":-0.5466693639755249,"z":0.1942366063594818,"w":-0.7675120830535889},"size":2.8578836917877199,"orthographic":false}