{"cameraMode":{"drawMode":0,"name":"Shaded","section":"Shading Mode"},"sceneLighting":false,"audioPlay":false,"sceneViewState":{"showFog":true,"showMaterialUpdate":false,"showSkybox":false,"showFlares":true,"showImageEffects":true,"showParticleSystems":true},"in2DMode":false,"pivot":{"x":-0.41076213121414187,"y":-0.025125712156295778,"z":0.33672356605529787},"rotation":{"x":0.0936206802725792,"y":-0.31906381249427798,"z":0.031690433621406558,"w":0.9425671696662903},"size":1.2478573322296143,"orthographic":false}