{"cameraMode":{"drawMode":0,"name":"Shaded","section":"Shading Mode"},"sceneLighting":true,"audioPlay":false,"sceneViewState":{"showFog":true,"showMaterialUpdate":false,"showSkybox":true,"showFlares":true,"showImageEffects":true,"showParticleSystems":true},"in2DMode":false,"pivot":{"x":-32.54841232299805,"y":-6.724137783050537,"z":5.703910827636719},"rotation":{"x":-0.12747938930988313,"y":0.5239796042442322,"z":-0.07967127114534378,"w":-0.8383784890174866},"size":46.07752990722656,"orthographic":false}