{"cameraMode":{"drawMode":0,"name":"Shaded","section":"Shading Mode"},"sceneLighting":false,"audioPlay":false,"sceneViewState":{"showFog":true,"showMaterialUpdate":false,"showSkybox":false,"showFlares":true,"showImageEffects":true,"showParticleSystems":true},"in2DMode":false,"pivot":{"x":-0.0700000524520874,"y":0.44999992847442629,"z":-8.499277114868164},"rotation":{"x":0.07982102781534195,"y":-0.6850891709327698,"z":0.07594037801027298,"w":0.7200822234153748},"size":3.8727028369903566,"orthographic":false}