{"cameraMode":{"drawMode":0,"name":"Shaded","section":"Shading Mode"},"sceneLighting":false,"audioPlay":false,"sceneViewState":{"showFog":true,"showMaterialUpdate":false,"showSkybox":false,"showFlares":true,"showImageEffects":true,"showParticleSystems":true},"in2DMode":false,"pivot":{"x":-1.0257779359817505,"y":-1.3289514780044556,"z":-3.963109016418457},"rotation":{"x":0.015222922898828984,"y":-0.984163761138916,"z":0.14120039343833924,"w":0.10610660165548325},"size":6.944376468658447,"orthographic":false}