{"cameraMode":{"drawMode":0,"name":"Shaded","section":"Shading Mode"},"sceneLighting":false,"audioPlay":false,"sceneViewState":{"showFog":true,"showMaterialUpdate":false,"showSkybox":false,"showFlares":true,"showImageEffects":true,"showParticleSystems":true},"in2DMode":false,"pivot":{"x":-0.05684754624962807,"y":1.521467924118042,"z":-8.647944450378418},"rotation":{"x":-0.0515998974442482,"y":0.7177486419677734,"z":-0.05350290238857269,"w":-0.6923524737358093},"size":3.611029624938965,"orthographic":false}