{"cameraMode":{"drawMode":0,"name":"Shaded","section":"Shading Mode"},"sceneLighting":true,"audioPlay":false,"sceneViewState":{"showFog":true,"showMaterialUpdate":false,"showSkybox":true,"showFlares":true,"showImageEffects":true,"showParticleSystems":true},"in2DMode":false,"pivot":{"x":-9.664711952209473,"y":8.891565322875977,"z":38.51055908203125},"rotation":{"x":0.04685637727379799,"y":0.9475821852684021,"z":-0.26991796493530276,"w":0.1645086109638214},"size":55.075897216796878,"orthographic":false}