{"cameraMode":{"drawMode":0,"name":"Shaded","section":"Shading Mode"},"sceneLighting":false,"audioPlay":false,"sceneViewState":{"showFog":true,"showMaterialUpdate":false,"showSkybox":false,"showFlares":true,"showImageEffects":true,"showParticleSystems":true},"in2DMode":false,"pivot":{"x":3.0238382816314699,"y":1.2065669298171998,"z":-11.929908752441407},"rotation":{"x":0.002500674920156598,"y":0.9976723790168762,"z":0.04822242259979248,"w":-0.05004136264324188},"size":13.700566291809082,"orthographic":false}