{"cameraMode":{"drawMode":0,"name":"Shaded","section":"Shading Mode"},"sceneLighting":false,"audioPlay":false,"sceneViewState":{"showFog":true,"showMaterialUpdate":false,"showSkybox":false,"showFlares":true,"showImageEffects":true,"showParticleSystems":true},"in2DMode":false,"pivot":{"x":-2.0299999713897707,"y":-0.4700000286102295,"z":6.980000019073486},"rotation":{"x":0.0029126028530299665,"y":0.24061547219753266,"z":-0.0007208852330222726,"w":0.9706192016601563},"size":4.446288108825684,"orthographic":false}